{"0.31797317973179734": 0.3333333333333333, "0.4204242042420424": 0.3374485596707819, "0.5358353583535835": 0.6296296296296297, "0.6517265172651726": 0.6666666666666666, "0.7404374043740437": 0.7818930041152263}